-- WBS Scaffold 種子資料
-- 組織架構：資訊部 > 資訊科 / 資訊科2

-- 部門
INSERT INTO departments (id, name, parent_id) VALUES
    (1, '資訊部',  NULL),
    (2, '資訊科',  1),
    (3, '資訊科2', 1);
SELECT setval('departments_id_seq', 3);

-- 使用者（密碼皆為 BCrypt，對應明文見 docs/db.md）
-- 密碼統一為 test1234（BCrypt $2b$10$）
INSERT INTO users (id, email, password_hash, display_name, department_id, role) VALUES
    (1, 'director@company.com', '$2b$10$A6tAs/0xEks8XeKUpdZP9OER8ZDKYEv9Tt42cQxGYnqHklF/zjaHm', '部長',       1, 'DIRECTOR'),
    (2, 'chief@infotech.com',   '$2b$10$A6tAs/0xEks8XeKUpdZP9OER8ZDKYEv9Tt42cQxGYnqHklF/zjaHm', '資訊科長',   2, 'SECTION_CHIEF'),
    (3, 'leader@infotech.com',  '$2b$10$A6tAs/0xEks8XeKUpdZP9OER8ZDKYEv9Tt42cQxGYnqHklF/zjaHm', '資訊Leader', 2, 'PROJECT_LEADER'),
    (4, 'member1@infotech.com', '$2b$10$A6tAs/0xEks8XeKUpdZP9OER8ZDKYEv9Tt42cQxGYnqHklF/zjaHm', '資訊成員一', 2, 'PROJECT_MEMBER'),
    (5, 'member2@infotech.com', '$2b$10$A6tAs/0xEks8XeKUpdZP9OER8ZDKYEv9Tt42cQxGYnqHklF/zjaHm', '資訊成員二', 2, 'PROJECT_MEMBER'),
    (6, 'chief2@infotech.com',  '$2b$10$A6tAs/0xEks8XeKUpdZP9OER8ZDKYEv9Tt42cQxGYnqHklF/zjaHm', '資訊科長2',  3, 'SECTION_CHIEF'),
    (7, 'leader2@infotech.com', '$2b$10$A6tAs/0xEks8XeKUpdZP9OER8ZDKYEv9Tt42cQxGYnqHklF/zjaHm', '資訊Leader2',3, 'PROJECT_LEADER'),
    (8, 'member3@infotech.com', '$2b$10$A6tAs/0xEks8XeKUpdZP9OER8ZDKYEv9Tt42cQxGYnqHklF/zjaHm', '資訊成員三', 3, 'PROJECT_MEMBER');
SELECT setval('users_id_seq', 8);

-- 系統模板
INSERT INTO wbs_templates (id, name, description, is_system, is_default) VALUES
    (1, '系統開發標準', 'SIT→UAT→PROD 三階段、三層結構標準模板', TRUE, FALSE),
    (2, '功能新增',     '現有系統新增功能，SIT→UAT→PROD 三階段標準流程', TRUE, FALSE),
    (3, 'EOS系統下線',  'End of Service，系統退場下線，SIT→UAT→PROD 三階段', TRUE, FALSE),
    (4, '專案開發',     '全新系統建置，SIT→UAT→PROD 三階段完整開發流程', TRUE, FALSE);
SELECT setval('wbs_templates_id_seq', 4);

-- 模板節點：系統開發標準（template_id=1，三層結構）
-- L1：SIT / UAT / PROD
-- L2（各階段下）：環境建置 / 系統開發 / 系統上線
-- L3（各工作包下）：具體任務
INSERT INTO wbs_template_nodes (id, template_id, parent_id, title, sort_order) VALUES
    -- L1
    ( 1, 1, NULL, 'SIT',  0),
    ( 2, 1, NULL, 'UAT',  1),
    ( 3, 1, NULL, 'PROD', 2),

    -- SIT > L2
    ( 4, 1,  1, '環境建置', 0),
    ( 5, 1,  1, '系統開發', 1),
    ( 6, 1,  1, '系統上線', 2),

    -- SIT > 環境建置 > L3
    ( 7, 1,  4, '主機申請',   0),
    ( 8, 1,  4, '防火牆開通', 1),
    ( 9, 1,  4, '主機佈版',   2),

    -- SIT > 系統開發 > L3
    (10, 1,  5, '功能開發', 0),
    (11, 1,  5, '功能驗測', 1),

    -- SIT > 系統上線 > L3
    (12, 1,  6, '測試執行',   0),
    (13, 1,  6, 'IT 測試報告', 1),

    -- UAT > L2
    (14, 1,  2, '環境建置',   0),
    (15, 1,  2, '使用者測試', 1),
    (16, 1,  2, '系統上線',   2),

    -- UAT > 環境建置 > L3
    (17, 1, 14, '主機申請',   0),
    (18, 1, 14, '防火牆開通', 1),
    (19, 1, 14, '主機佈版',   2),

    -- UAT > 使用者測試 > L3
    (20, 1, 15, '功能驗測', 0),
    (21, 1, 15, 'UAT 報告', 1),

    -- UAT > 系統上線 > L3
    (22, 1, 16, '上線準備', 0),
    (23, 1, 16, '正式上線', 1),

    -- PROD > L2
    (24, 1,  3, '環境建置', 0),
    (25, 1,  3, '系統上線', 1),

    -- PROD > 環境建置 > L3
    (26, 1, 24, '主機申請',   0),
    (27, 1, 24, '防火牆開通', 1),
    (28, 1, 24, '主機佈版',   2),

    -- PROD > 系統上線 > L3
    (29, 1, 25, '正式部署', 0),
    (30, 1, 25, '交易測試', 1),
    (31, 1, 25, '資安檢核', 2);

-- 功能新增模板節點 (template_id=2)
INSERT INTO wbs_template_nodes (id, template_id, parent_id, title, sort_order) VALUES
    (32, 2, NULL, 'SIT',  0), (33, 2, NULL, 'UAT',  1), (34, 2, NULL, 'PROD', 2),
    (35, 2, 32, '需求討論', 0), (36, 2, 32, '環境建置', 1), (37, 2, 32, '功能開發', 2), (38, 2, 32, '文件準備', 3),
    (39, 2, 35, '需求確認', 0), (40, 2, 35, '需求分析', 1),
    (41, 2, 36, '防火牆申請', 0),
    (42, 2, 37, '功能設計', 0), (43, 2, 37, '程式開發', 1), (44, 2, 37, '功能測試', 2),
    (45, 2, 38, 'SIT 測試報告', 0), (46, 2, 38, '資安確認書', 1),
    (47, 2, 33, '環境建置', 0), (48, 2, 33, '使用者測試', 1), (49, 2, 33, '文件準備', 2),
    (50, 2, 47, 'UAT佈版', 0), (51, 2, 47, '防火牆申請', 1),
    (52, 2, 48, '功能驗測', 0),
    (53, 2, 49, 'UAT測試報告', 0), (54, 2, 49, '資安確認書', 1),
    (55, 2, 34, '文件準備', 0), (56, 2, 34, '系統上線', 1),
    (57, 2, 55, '上線需求單', 0), (58, 2, 55, 'SIT 測試報告', 1), (59, 2, 55, 'UAT測試報告', 2), (60, 2, 55, '資安確認書', 3), (61, 2, 55, '系統版控', 4),
    (62, 2, 56, '正式部署', 0), (63, 2, 56, '正式啟用', 1), (64, 2, 56, '功能測試', 2);

-- EOS系統下線模板節點 (template_id=3)
INSERT INTO wbs_template_nodes (id, template_id, parent_id, title, sort_order) VALUES
    (65, 3, NULL, 'SIT',  0), (66, 3, NULL, 'UAT',  1), (67, 3, NULL, 'PROD', 2),
    (68, 3, 65, '需求討論', 0), (69, 3, 65, '資料作業', 1), (70, 3, 65, '文件準備', 2),
    (71, 3, 68, '下線評估', 0), (72, 3, 68, '影響分析', 1),
    (73, 3, 69, '資料備份', 0), (74, 3, 69, '資料驗證', 1), (75, 3, 69, '資料遷移測試', 2),
    (76, 3, 70, 'SIT 測試報告', 0), (77, 3, 70, '資安確認書', 1),
    (78, 3, 66, '環境建置', 0), (79, 3, 66, '使用者測試', 1), (80, 3, 66, '文件準備', 2),
    (81, 3, 78, '主機切轉', 0), (82, 3, 78, '主機防火牆開通', 1), (83, 3, 78, '環境建置', 2),
    (84, 3, 79, '功能驗測', 0), (85, 3, 79, '問題追蹤', 1),
    (86, 3, 80, 'UAT測試報告', 0), (87, 3, 80, '資安確認書', 1),
    (88, 3, 67, '文件準備', 0), (89, 3, 67, '系統上線', 1), (90, 3, 67, '系統下線', 2),
    (91, 3, 88, '下線申請單', 0), (92, 3, 88, '資安確認書', 1), (93, 3, 88, '使用者通知', 2), (94, 3, 88, '系統公告', 3),
    (95, 3, 89, '主機申請', 0), (96, 3, 89, '服務停止', 1), (97, 3, 89, '主機切轉', 2), (98, 3, 89, '主機防火牆開通', 3), (99, 3, 89, 'USER防火牆開通', 4), (100, 3, 89, '環境建置', 5),
    (101, 3, 90, '主機拆除回收', 0);

-- 專案開發模板節點 (template_id=4)
INSERT INTO wbs_template_nodes (id, template_id, parent_id, title, sort_order) VALUES
    (102, 4, NULL, 'SIT',  0), (103, 4, NULL, 'UAT',  1), (104, 4, NULL, 'PROD', 2),
    (105, 4, 102, '需求討論', 0), (106, 4, 102, '環境建置', 1), (107, 4, 102, '系統開發', 2), (108, 4, 102, '文件準備', 3),
    (109, 4, 105, '需求確認', 0), (110, 4, 105, '需求分析', 1),
    (111, 4, 106, '主機申請', 0), (112, 4, 106, '資料庫申請', 1), (113, 4, 106, '主機防火牆開通', 2), (114, 4, 106, '環境建置', 3), (115, 4, 106, 'CD_Server申請', 4),
    (116, 4, 107, '系統設計', 0), (117, 4, 107, '資料庫設計', 1), (118, 4, 107, '程式開發', 2), (119, 4, 107, '功能測試', 3),
    (120, 4, 108, 'SIT 測試報告', 0), (121, 4, 108, '資安確認書', 1), (122, 4, 108, '安控檢核表', 2),
    (123, 4, 103, '環境建置', 0), (124, 4, 103, '使用者測試', 1), (125, 4, 103, '文件準備', 2),
    (126, 4, 123, '主機申請', 0), (127, 4, 123, '資料庫申請', 1), (128, 4, 123, '主機防火牆開通', 2), (129, 4, 123, 'USER防火牆開通', 3), (130, 4, 123, '環境建置', 4), (131, 4, 123, 'CD_Server申請', 5),
    (132, 4, 124, '功能驗測', 0), (133, 4, 124, '問題追蹤', 1),
    (134, 4, 125, 'UAT測試報告', 0), (135, 4, 125, '資安確認書', 1), (136, 4, 125, '安控檢核表', 2),
    (137, 4, 104, '文件準備', 0), (138, 4, 104, '環境建置', 1), (139, 4, 104, '系統上線', 2),
    (140, 4, 137, '上線需求單', 0), (141, 4, 137, 'SIT 測試報告', 1), (142, 4, 137, 'UAT測試報告', 2), (143, 4, 137, '資安確認書', 3), (144, 4, 137, '系統版控', 4), (145, 4, 137, '安控檢核表', 5), (146, 4, 137, '黑白箱掃描', 6), (147, 4, 137, '第三方掃描', 7),
    (148, 4, 138, '主機申請', 0), (149, 4, 138, '資料庫申請', 1), (150, 4, 138, '主機防火牆開通', 2), (151, 4, 138, 'USER防火牆開通', 3), (152, 4, 138, '環境建置', 4), (153, 4, 138, '系統帳號申請', 5), (154, 4, 138, '系統帳號納管', 6),
    (155, 4, 139, '正式部署', 0), (156, 4, 139, '正式啟用', 1), (157, 4, 139, '功能測試', 2);

SELECT setval('wbs_template_nodes_id_seq', 157);

-- 全域快速子項
INSERT INTO wbs_quick_items (id, title, category, sort_order, section_id) VALUES
    (1, '開防火牆',   '常用', 0, NULL),
    (2, '申請環境',   '常用', 1, NULL),
    (3, '部署申請',   '常用', 2, NULL),
    (4, '系統測試',   '常用', 3, NULL),
    (5, '使用者驗收', '常用', 4, NULL),
    (6, '正式上線',   '常用', 5, NULL),
    (7, '文件更新',   '常用', 6, NULL),
    (8, '會議記錄',   '常用', 7, NULL);
SELECT setval('wbs_quick_items_id_seq', 8);

-- 測試專案
INSERT INTO projects (id, name, department_id, owner_id, created_by) VALUES
    (1, '資訊科測試專案',  2, 3, 3),
    (2, '資訊科2測試專案', 3, 7, 7);
SELECT setval('projects_id_seq', 2);

-- 測試專案成員
INSERT INTO project_members (project_id, user_id, assigned_by) VALUES
    (1, 3, 3),
    (1, 4, 3),
    (1, 5, 3),
    (2, 7, 7),
    (2, 8, 7);
